Date,Day,Breakfast (kg),Lunch (kg),Dinner (kg),Total Wastage (kg)
2021-01-04,Monday,3.43,8.41,11.16,23
2021-01-05,Tuesday,3.79,7.23,6.76,17.78
2021-01-06,Wednesday,2.78,10.96,8.42,22.16
2021-01-07,Thursday,2.56,10.3,9.63,22.49
2021-01-08,Friday,4.24,7.5,5.81,17.55
2021-01-09,Saturday,10.95,9.42,6.04,26.41
2021-01-10,Sunday,4.79,8.49,9.32,22.6
2021-01-11,Monday,4.27,12.9,9.5,26.67
2021-01-12,Tuesday,5.19,9.04,6.91,21.14
2021-01-13,Wednesday,3.84,11.31,10.76,25.91
2021-01-14,Thursday,4.93,16.44,14.12,35.49
2021-01-15,Friday,4.65,8.69,8.36,21.7
2021-01-16,Saturday,5.44,7.34,8.97,21.75
2021-01-17,Sunday,8.16,11.92,11.72,31.8
2021-01-18,Monday,7.46,12.68,17.96,38.1
2021-01-19,Tuesday,11.39,13.46,9.98,34.83
2021-01-20,Wednesday,9.01,9.25,16.34,34.6
2021-01-21,Thursday,9.42,12.95,12.92,35.29
2021-01-22,Friday,6.39,13.11,11.21,30.71
2021-01-23,Saturday,6.77,14.08,10.85,31.7
2021-01-24,Sunday,11.24,13.71,11.96,36.91
2021-01-25,Monday,7.88,21,13.33,42.21
2021-01-26,Tuesday,8.03,15.97,19.25,43.25
2021-01-27,Wednesday,11.61,15.16,16.01,42.78
2021-01-28,Thursday,6.88,9.29,12.47,28.64
2021-01-29,Friday,9.19,11.56,13.49,34.24
2021-01-30,Saturday,4.77,17.24,16.14,38.15
2021-01-31,Sunday,10.48,14.98,19.23,44.69
2021-02-01,Monday,8.86,12.25,21.42,42.53
2021-02-02,Tuesday,5.4,10.18,19.78,35.36
2021-02-03,Wednesday,8.4,7.06,19.22,34.68
2021-02-04,Thursday,11.38,10.33,12.72,34.43
2021-02-05,Friday,6.7,16.55,10.1,33.35
2021-02-06,Saturday,8.6,17.15,16.8,42.55
2021-02-07,Sunday,9.17,9.39,11.62,30.18
2021-02-08,Monday,10.91,7.96,8.13,27
2021-02-09,Tuesday,10.3,6.99,16.71,34
2021-02-10,Wednesday,8.25,10.88,16.38,35.51
2021-02-11,Thursday,5.99,9.46,21.14,36.59
2021-02-12,Friday,7.09,18.82,11.16,37.07
2021-02-13,Saturday,4.78,14.57,12.22,31.57
2021-02-14,Sunday,9.95,8.55,10.56,29.06
2021-02-15,Monday,7.5,15.05,7.57,30.12
2021-02-16,Tuesday,7.87,8.8,11.74,28.41
2021-02-17,Wednesday,8.23,18.1,16.43,42.76
2021-02-18,Thursday,10.42,8.39,14.62,33.43
2021-02-19,Friday,8.63,23.84,10.14,42.61
2021-02-20,Saturday,8.23,13.1,7.43,28.76
2021-02-21,Sunday,11.59,8.83,6.86,27.28
2021-02-22,Monday,2.27,7.41,7.88,17.56
2021-02-23,Tuesday,9.83,6.82,9.7,26.35
2021-02-24,Wednesday,7.35,7.8,6.73,21.88
2021-02-25,Thursday,7.56,16.56,9.87,33.99
2021-02-26,Friday,7.16,8.14,9.77,25.07
2021-02-27,Saturday,6.45,11.34,10.08,27.87
2021-02-28,Sunday,8.6,8.84,7.36,24.8
2021-03-01,Monday,7.19,10.31,8.63,26.13
2021-03-02,Tuesday,11.61,13.81,12.11,37.53
2021-03-03,Wednesday,7.75,14.78,7.54,30.07
2021-03-04,Thursday,7.01,11.19,5.02,23.22
2021-03-05,Friday,5.6,5.16,4.03,14.79
2021-03-06,Saturday,7.28,7.96,8.59,23.83
2021-03-07,Sunday,8.53,16.2,15.71,40.44
2021-03-08,Monday,8.93,6.48,8.38,23.79
2021-03-09,Tuesday,10.15,5.93,9.37,25.45
2021-03-10,Wednesday,9.03,7.46,10.43,26.92
2021-03-11,Thursday,7.7,11.01,7.69,26.4
2021-03-12,Friday,5.42,9.18,8.52,23.12
2021-03-13,Saturday,7.36,9.18,14.52,31.06
2021-03-14,Sunday,8.86,13.41,11.02,33.29
2021-03-15,Monday,9.31,8.78,14.5,32.59
2021-03-16,Tuesday,6.99,13.61,10.66,31.26
2021-03-17,Wednesday,7.19,16.36,11.26,34.81
2021-03-18,Thursday,6.63,23.18,12.77,42.58
2021-03-19,Friday,5.24,9.55,9.54,24.33
2021-03-20,Saturday,6.17,15.9,8.7,30.77
2021-03-21,Sunday,7.63,15.97,11.08,34.68
2021-03-22,Monday,5.11,13.05,15.22,33.38
2021-03-23,Tuesday,6.59,15.35,13.46,35.4
2021-03-24,Wednesday,5.28,10.9,17.74,33.92
2021-03-25,Thursday,7.16,16.79,11.87,35.82
2021-03-26,Friday,3.89,14.01,10.49,28.39
2021-03-27,Saturday,7.05,18.09,11.92,37.06
2021-03-28,Sunday,5.83,7.05,15.13,28.01
2021-03-29,Monday,7.48,15.2,19.53,42.21
2021-03-30,Tuesday,5.64,9.27,13.71,28.62
2021-03-31,Wednesday,7.5,9.03,16,32.53
2021-04-01,Thursday,6.7,20.69,12.28,39.67
2021-04-02,Friday,5.07,14.42,11.91,31.4
2021-04-03,Saturday,5.4,13.38,15.52,34.3
2021-04-04,Sunday,6.38,18.83,14.38,39.59
2021-04-05,Monday,5.78,13.19,5.81,24.78
2021-04-06,Tuesday,6.35,14.14,12.04,32.53
2021-04-07,Wednesday,7.37,7.44,11.72,26.53
2021-04-08,Thursday,5.31,11.45,9.52,26.28
2021-04-09,Friday,3.55,16.35,10.78,30.68
2021-04-10,Saturday,6.64,17.7,14.62,38.96
2021-04-11,Sunday,6.1,17.48,12.31,35.89
2021-04-12,Monday,7.47,13.64,11.6,32.71
2021-04-13,Tuesday,5.45,13.44,13.08,31.97
2021-04-14,Wednesday,16.46,11.01,20.16,47.63
2021-04-15,Thursday,14.25,13.44,20.12,47.81
2021-04-16,Friday,10.53,13.93,19.25,43.71
2021-04-17,Saturday,14.4,14.01,16.24,44.65
2021-04-18,Sunday,18.74,9.58,19.69,48.01
2021-04-19,Monday,13.43,8.66,19.48,41.57
2021-04-20,Tuesday,17.32,11.83,18.49,47.64
2021-04-21,Wednesday,10.8,10.8,19.95,41.55
2021-04-22,Thursday,15.86,10.07,20.05,45.98
2021-04-23,Friday,16.7,10.17,17.87,44.74
2021-04-24,Saturday,10.52,23.96,18.5,52.98
2021-04-25,Sunday,20.85,8.93,10.76,40.54
2021-04-26,Monday,16.97,9.76,15.36,42.09
2021-04-27,Tuesday,17.52,12.81,13.3,43.63
2021-04-28,Wednesday,14.82,11.96,17.39,44.17
2021-04-29,Thursday,15.99,11.32,10.56,37.87
2021-04-30,Friday,13.6,10.52,11.37,35.49
2021-05-01,Saturday,18.1,8.66,18.72,45.48
2021-05-02,Sunday,16.73,14.66,9.61,41
2021-05-03,Monday,16.83,11.25,16.89,44.97
2021-05-04,Tuesday,12.81,10.72,22.02,45.55
2021-05-05,Wednesday,16.26,12.09,18.5,46.85
2021-05-06,Thursday,22.07,11.15,17.2,50.42
2021-05-07,Friday,14.38,10.82,15.28,40.48
2021-05-08,Saturday,13.54,13.65,14.9,42.09
2021-05-09,Sunday,13.77,7.16,10.98,31.91
2021-05-10,Monday,14.17,10.3,9.04,33.51
2021-05-11,Tuesday,15.42,10.55,16.49,42.46
2021-05-12,Wednesday,15.8,12.11,10.76,38.67
2021-05-13,Thursday,9.92,6.45,9.92,26.29
2021-05-14,Friday,4.9,15.57,8.12,28.59
2021-05-15,Saturday,5.45,12.99,9.76,28.2
2021-05-16,Sunday,6.27,10.53,9.3,26.1
2021-05-17,Monday,5.25,12.55,6.96,24.76
2021-05-18,Tuesday,6.89,11.7,9.54,28.13
2021-05-19,Wednesday,5.06,9.29,10,24.35
2021-05-20,Thursday,4.18,11.88,10.6,26.66
2021-05-21,Friday,6.24,10.24,7.92,24.4
2021-05-22,Saturday,4.63,11.29,7.38,23.3
2021-05-23,Sunday,9.04,6.45,11.19,26.68
2021-05-24,Monday,6.5,11.25,7.59,25.34
2021-05-25,Tuesday,4.64,8.69,8.05,21.38
2021-05-26,Wednesday,6.73,11.31,8.07,26.11
2021-05-27,Thursday,3.44,7.55,8.23,19.22
2021-05-28,Friday,3.65,5.66,9.05,18.36
2021-05-29,Saturday,4.17,6.53,5.62,16.32
2021-05-30,Sunday,6.36,7.26,7.24,20.86
2021-05-31,Monday,5.05,8.92,7.75,21.72
2021-06-01,Tuesday,3.47,6.51,6.05,16.03
2021-06-02,Wednesday,3.22,7.59,5.93,16.74
2021-06-03,Thursday,4.03,9.17,5.73,18.93
2021-06-04,Friday,5.01,8.99,5,19
2021-06-05,Saturday,4.43,6.75,5.94,17.12
2021-06-06,Sunday,3.39,6.72,6.7,16.81
2021-06-07,Monday,3.8,8.02,6.98,18.8
2021-06-08,Tuesday,5.55,8.75,6.7,21
2021-06-09,Wednesday,3.47,8.39,6.88,18.74
2021-06-10,Thursday,6.66,6.52,6.6,19.78
2021-06-11,Friday,5.91,6.89,2.16,14.96
2021-06-12,Saturday,5.45,5.65,6,17.1
2021-06-13,Sunday,3.76,8.77,7.36,19.89
2021-06-14,Monday,2.95,8.15,5.71,16.81
2021-06-15,Tuesday,3.18,6.98,6.2,16.36
2021-06-16,Wednesday,2.97,6.97,9.24,19.18
2021-06-17,Thursday,4.22,5.96,4.22,14.4
2021-06-18,Friday,3.01,7.88,6.1,16.99
2021-06-19,Saturday,4.68,8.1,7.5,20.28
2021-06-20,Sunday,2.9,3.78,3.67,10.35
2021-06-21,Monday,3.09,5.01,7.33,15.43
2021-06-22,Tuesday,3.14,7.85,9.15,20.14
2021-06-23,Wednesday,4.45,10.47,6.06,20.98
2021-06-24,Thursday,4.07,7.6,7.4,19.07
2021-06-25,Friday,6.06,6.91,2.33,15.3
2021-06-26,Saturday,3.43,5.91,9.51,18.85
2021-06-27,Sunday,2.17,7.86,4.95,14.98
2021-06-28,Monday,8.31,6.5,7.6,22.41
2021-06-29,Tuesday,3.15,7.42,2.78,13.35
2021-06-30,Wednesday,5.05,7.16,7.86,20.07
2021-07-01,Thursday,3.86,6.48,9.18,19.52
2021-07-02,Friday,1.26,7.78,6.59,15.63
2021-07-03,Saturday,6.17,5.48,13,24.65
2021-07-04,Sunday,3.95,8.25,8.77,20.97
2021-07-05,Monday,4.38,7.25,6.38,18.01
2021-07-06,Tuesday,3.33,6.92,10.2,20.45
2021-07-07,Wednesday,2.68,5.7,4.9,13.28
2021-07-08,Thursday,4.82,4.8,10.99,20.61
2021-07-09,Friday,4.96,4.45,7.18,16.59
2021-07-10,Saturday,10.21,6.2,10.5,26.91
2021-07-11,Sunday,5.26,9.34,5.32,19.92
2021-07-12,Monday,1,5.57,7.33,13.9
2021-07-13,Tuesday,5.94,3.27,5.7,14.91
2021-07-14,Wednesday,3.35,5.04,5.56,13.95
2021-07-15,Thursday,3.35,6.3,5.19,14.84
2021-07-16,Friday,5.66,8.52,3.33,17.51
2021-07-17,Saturday,4.79,5.49,8.79,19.07
2021-07-18,Sunday,1.97,7.21,5.04,14.22
2021-07-19,Monday,2.29,3.11,4.03,9.43
2021-07-20,Tuesday,3.75,2.93,3.73,10.41
2021-07-21,Wednesday,2.39,2.72,2.25,7.36
2021-07-22,Thursday,3.53,3.51,3.65,10.69
2021-07-23,Friday,2.6,2.66,3.64,8.9
2021-07-24,Saturday,2.47,2.18,2.19,6.84
2021-07-25,Sunday,3.51,3.42,1.82,8.75
2021-07-26,Monday,3.5,3.72,2.7,9.92
2021-07-27,Tuesday,1.95,3.24,2.06,7.25
2021-07-28,Wednesday,1.63,3.34,2.52,7.49
2021-07-29,Thursday,2.08,2.77,3.04,7.89
2021-07-30,Friday,0,1.58,2.14,3.72
2021-07-31,Saturday,2.95,1.36,1.66,5.97
2021-08-01,Sunday,1.28,2.3,1.45,5.03
2021-08-02,Monday,1.76,1.51,1.55,4.82
2021-08-03,Tuesday,1,1.21,1.42,3.63
2021-08-04,Wednesday,2.52,1.47,1.41,5.4
2021-08-05,Thursday,1.3,1.35,1.7,4.35
2021-08-06,Friday,1.44,1.7,3.72,6.86
2021-08-07,Saturday,1.92,1.45,1.95,5.32
2021-08-08,Sunday,1.85,3.48,1.34,6.67
2021-08-09,Monday,1.32,3.02,1.81,6.15
2021-08-10,Tuesday,1,2.39,1.54,4.93
2021-08-11,Wednesday,1.05,2.51,1.35,4.91
2021-08-12,Thursday,0,2.42,1.98,4.4
2021-08-13,Friday,0,2.17,3.12,5.29
2021-08-14,Saturday,0,1.94,1.7,3.64
2021-08-15,Sunday,1.49,4.47,2.56,8.52
2021-08-16,Monday,2.64,4.45,3.2,10.29
2021-08-17,Tuesday,2.74,5.59,4.28,12.61
2021-08-18,Wednesday,1.59,6.03,3.84,11.46
2021-08-19,Thursday,2.96,7.28,5.9,16.14
2021-08-20,Friday,1,3.88,5.34,10.22
2021-08-21,Saturday,3.2,6.94,6.57,16.71
2021-08-22,Sunday,1,5.4,8.7,15.1
2021-08-23,Monday,3.32,7.86,7.58,18.76
2021-08-24,Tuesday,4.31,8.67,5.85,18.83
2021-08-25,Wednesday,7.25,8.53,8.51,24.29
2021-08-26,Thursday,6.67,14.28,10.67,31.62
2021-08-27,Friday,4.05,13.19,13.89,31.13
2021-08-28,Saturday,6.29,20.33,17.27,43.89
2021-08-29,Sunday,6.85,13.37,12.99,33.21
2021-08-30,Monday,5.96,15,15.83,36.79
2021-08-31,Tuesday,6.14,12.09,15.15,33.38
2021-09-01,Wednesday,6.98,14.77,18.98,40.73
2021-09-02,Thursday,6.6,14.56,16.37,37.53
2021-09-03,Friday,7.39,16.81,12.63,36.83
2021-09-04,Saturday,5.94,18.94,22.25,47.13
2021-09-05,Sunday,5.06,17.56,13.78,36.4
2021-09-06,Monday,6.72,18.97,23.33,49.02
2021-09-07,Tuesday,6.12,19.84,16.5,42.46
2021-09-08,Wednesday,7.38,20.82,19.07,47.27
2021-09-09,Thursday,6.73,20.49,14.74,41.96
2021-09-10,Friday,6.4,20.27,14.54,41.21
2021-09-11,Saturday,8.33,21.7,26.01,56.04
2021-09-12,Sunday,9.91,27.54,24.77,62.22
2021-09-13,Monday,6.81,23.11,21.52,51.44
2021-09-14,Tuesday,8.63,23.47,29.62,61.72
2021-09-15,Wednesday,13.23,27.58,24.58,65.39
2021-09-16,Thursday,12.82,29.63,17.24,59.69
2021-09-17,Friday,9.12,29.54,19.72,58.38
2021-09-18,Saturday,6.58,29.96,26.85,63.39
2021-09-19,Sunday,9.6,26.37,28.66,64.63
2021-09-20,Monday,5.65,18.4,21.26,45.31
2021-09-21,Tuesday,9.83,22.27,27.1,59.2
2021-09-22,Wednesday,8.2,36.21,33.58,77.99
2021-09-23,Thursday,10.76,28.22,19.62,58.6
2021-09-24,Friday,7.86,34.15,17.2,59.21
2021-09-25,Saturday,10.76,30.68,23.07,64.51
2021-09-26,Sunday,9.76,31.07,19.45,60.28
2021-09-27,Monday,10.13,26.32,26.48,62.93
2021-09-28,Tuesday,10.8,33.67,23.4,67.87
2021-09-29,Wednesday,8.17,28.49,25.94,62.6
2021-09-30,Thursday,10.68,26.09,22.16,58.93
2021-10-01,Friday,9.06,30.57,21.48,61.11
2021-10-02,Saturday,11.6,32.36,25.22,69.18
2021-10-03,Sunday,15.21,28.98,23.79,67.98
2021-10-04,Monday,12.95,27.31,27.01,67.27
2021-10-05,Tuesday,14.09,32.96,25.98,73.03
2021-10-06,Wednesday,9,36.18,23.57,68.75
2021-10-07,Thursday,10.48,29.9,18.96,59.34
2021-10-08,Friday,7.6,32.1,21.24,60.94
2021-10-09,Saturday,10.41,25.22,17.56,53.19
2021-10-10,Sunday,11.16,28.17,25.16,64.49
2021-10-11,Monday,10.04,34.41,26.91,71.36
2021-10-12,Tuesday,12.32,28.42,23.49,64.23
2021-10-13,Wednesday,11.63,23.1,27.07,61.8
2021-10-14,Thursday,13.84,29.05,24.17,67.06
2021-10-15,Friday,7.3,26.33,17.41,51.04
2021-10-16,Saturday,15.16,29.48,22.54,67.18
2021-10-17,Sunday,9.6,27.82,21.24,58.66
2021-10-18,Monday,10.58,26.02,16.64,53.24
2021-10-19,Tuesday,7.39,20.69,16.37,44.45
2021-10-20,Wednesday,7.56,21.07,17.27,45.9
2021-10-21,Thursday,5.59,18.42,17.64,41.65
2021-10-22,Friday,5.68,17.36,18.65,41.69
2021-10-23,Saturday,8.01,24.16,29.49,61.66
2021-10-24,Sunday,7.94,30.23,23.67,61.84
2021-10-25,Monday,9.82,28.48,27.62,65.92
2021-10-26,Tuesday,11.73,25.44,25.51,62.68
2021-10-27,Wednesday,9.21,23.83,25.43,58.47
2021-10-28,Thursday,7.66,18.47,19.56,45.69
2021-10-29,Friday,7.04,33.52,0,40.56
2021-10-30,Saturday,6.6,31.07,23.3,60.97
2021-10-31,Sunday,8.8,32.97,32.47,74.24
2021-11-01,Monday,10.25,25.25,25.09,60.59
2021-11-02,Tuesday,9.14,30.3,21.39,60.83
2021-11-03,Wednesday,8.93,29.8,22.72,61.45
2021-11-04,Thursday,9.95,18.53,20.54,49.02
2021-11-05,Friday,4.69,29.25,22.07,56.01
2021-11-06,Saturday,7.75,26.55,21.75,56.05
2021-11-07,Sunday,9.61,29.46,24.77,63.84
2021-11-08,Monday,12.11,33.3,26.92,72.33
2021-11-09,Tuesday,10.35,23.63,22.26,56.24
2021-11-10,Wednesday,15.25,28.61,25.84,69.7
2021-11-11,Thursday,7.82,32.42,25.33,65.57
2021-11-12,Friday,8.98,29.18,23.13,61.29
2021-11-13,Saturday,6.96,29.28,18.94,55.18
2021-11-14,Sunday,7.8,20.2,27.72,55.72
2021-11-15,Monday,13.72,29.12,25.61,68.45
2021-11-16,Tuesday,9.4,31.24,20.57,61.21
2021-11-17,Wednesday,8.61,31.43,28.3,68.34
2021-11-18,Thursday,10.2,28.91,22.72,61.83
2021-11-19,Friday,7.3,27.85,21.2,56.35
2021-11-20,Saturday,10.08,23.09,22.06,55.23
2021-11-21,Sunday,7.22,27.72,16.21,51.15
2021-11-22,Monday,8.61,26.03,25.64,60.28
2021-11-23,Tuesday,9.66,24.95,18.57,53.18
2021-11-24,Wednesday,10.64,21.65,24.44,56.73
2021-11-25,Thursday,8.41,43.48,16.62,68.51
2021-11-26,Friday,10.02,27.93,19.74,57.69
2021-11-27,Saturday,14.77,29.85,26.28,70.9
2021-11-28,Sunday,7.19,24.27,25.93,57.39
2021-11-29,Monday,9.5,28.77,26.18,64.45
2021-11-30,Tuesday,10.2,28.91,22.72,61.83
2021-12-01,Wednesday,5.88,28.58,33.07,67.53
2021-12-02,Thursday,7.83,20.67,14.96,43.46
2021-12-03,Friday,8.9,31.38,20.94,61.22
2021-12-04,Saturday,6.98,25.89,24.05,56.92
2021-12-05,Sunday,8.1,26.02,20.94,55.06
2021-12-06,Monday,8.35,28.99,25.29,62.63
2021-12-07,Tuesday,7.22,29.82,31.34,68.38
2021-12-08,Wednesday,9.44,21.4,21.67,52.51
2021-12-09,Thursday,8.25,28.53,22.94,59.72
2021-12-10,Friday,5.34,27.71,22.52,55.57
2021-12-11,Saturday,6.76,23.58,21.99,52.33
2021-12-12,Sunday,5.6,28.25,17.03,50.88
2021-12-13,Monday,10.09,41.83,23.87,75.79
2021-12-14,Tuesday,14.59,36.3,24.33,75.22
2021-12-15,Wednesday,5.14,31.23,26.91,63.28
2021-12-16,Thursday,8.17,23.7,17.78,49.65
2021-12-17,Friday,7.12,23.64,9.89,40.65
2021-12-18,Saturday,6.71,20.21,15.9,42.82
2021-12-19,Sunday,8.4,18.56,16.72,43.68
2021-12-20,Monday,5.73,18.88,16.12,40.73
2021-12-21,Tuesday,7.7,15.07,18.05,40.82
2021-12-22,Wednesday,3.73,15.9,11.36,30.99
2021-12-23,Thursday,5,10.15,10.88,26.03
2021-12-24,Friday,3.34,11.38,1,15.72
2021-12-25,Saturday,10.23,7,7.93,25.16
2021-12-26,Sunday,0,0,3.59,3.59
2021-12-27,Monday,5.09,10.43,6.08,21.6
2021-12-28,Tuesday,3.47,9.5,6.08,19.05
2021-12-29,Wednesday,6.05,9.75,5.14,20.94
2021-12-30,Thursday,2.05,8.34,6,16.39
2021-12-31,Friday,3.38,4.47,6.6,14.45
2022-01-01,Saturday,4.48,2.17,5.5,12.15
2022-01-02,Sunday,1.88,7.49,5.61,14.98
2022-01-03,Monday,4.92,9.22,7.98,22.12
2022-01-04,Tuesday,3.53,10.88,11.81,26.22
2022-01-05,Wednesday,3.25,2.93,7.47,13.65
2022-01-06,Thursday,2.85,11.1,10.17,24.12
2022-01-07,Friday,3.44,5.1,7.68,16.22
2022-01-08,Saturday,5.82,8.51,11.45,25.78
2022-01-09,Sunday,1.42,14.35,9.06,24.83
2022-01-10,Monday,3.25,11.05,10.06,24.36
2022-01-11,Tuesday,3.35,8.98,12.76,25.09
2022-01-12,Wednesday,4.2,17.9,13.06,35.16
2022-01-13,Thursday,4.22,15.76,10.35,30.33
2022-01-14,Friday,4.47,23.74,15.46,43.67
2022-01-15,Saturday,0,11.26,10.75,22.01
2022-01-16,Sunday,4.61,5.18,9.93,19.72
2022-01-17,Monday,4.32,17.53,9.29,31.14
2022-01-18,Tuesday,2.85,13.14,14.96,30.95
2022-01-19,Wednesday,4.89,6.99,10.45,22.33
2022-01-20,Thursday,3.34,13.32,14.23,30.89
2022-01-21,Friday,7.1,16.78,6.58,30.46
2022-01-22,Saturday,7.18,21.1,13,41.28
2022-01-23,Sunday,8.8,10.47,17.39,36.66
2022-01-24,Monday,6.95,16.69,14.89,38.53
2022-01-25,Tuesday,9.82,30.44,13.6,53.86
2022-01-26,Wednesday,5.4,12.62,15.34,33.36
2022-01-27,Thursday,7.3,16.6,16.43,40.33
2022-01-28,Friday,6.3,14.5,16,36.8
2022-01-29,Saturday,9.71,15.22,16.96,41.89
2022-01-30,Sunday,4.28,22.3,22.9,49.48
2022-01-31,Monday,4.54,18.22,24.02,46.78
2022-02-01,Tuesday,4.48,2.17,5.5,12.15
2022-02-02,Wednesday,4.88,19.19,15.39,39.46
2022-02-03,Thursday,5.06,22.02,19.1,46.18
2022-02-04,Friday,6.8,20.97,19.37,47.14
2022-02-05,Saturday,10.32,18.03,11.63,39.98
2022-02-06,Sunday,5.83,11.2,21.16,38.19
2022-02-07,Monday,8.73,19.89,21.38,50
2022-02-08,Tuesday,2.93,31.29,24.61,58.83
2022-02-09,Wednesday,7.49,27.92,28.47,63.88
2022-02-10,Thursday,8.14,26.99,18.84,53.97
2022-02-11,Friday,6.29,25.86,20.33,52.48
2022-02-12,Saturday,2.9,11.68,17.79,32.37
2022-02-13,Sunday,8.6,27.16,22.53,58.29
2022-02-14,Monday,12.62,28.08,22.99,63.69
2022-02-15,Tuesday,9.88,28.02,24.17,62.07
2022-02-16,Wednesday,10.34,23.56,28.73,62.63
2022-02-17,Thursday,10.87,30.97,22.81,64.65
2022-02-18,Friday,3.92,35.33,25.44,64.69
2022-02-19,Saturday,3.92,29.24,20.11,53.27
2022-02-20,Sunday,6.82,24.39,20.85,52.06
2022-02-21,Monday,9.37,25.04,26.02,60.43
2022-02-22,Tuesday,8.78,12.3,17.14,38.22
2022-02-23,Wednesday,2.12,21.58,16.28,39.98
2022-02-24,Thursday,8.77,20.48,15.35,44.6
2022-02-25,Friday,6.81,22.75,15.41,44.97
2022-02-26,Saturday,6.75,22.62,18.65,48.02
2022-02-27,Sunday,5.37,27.29,25.5,58.16
2022-02-28,Monday,9.11,29.87,13.14,52.12
2022-03-01,Tuesday,29.87,14.29,18.38,62.54
2022-03-02,Wednesday,13.14,21.71,15.87,50.72
2022-03-03,Thursday,7.57,23.25,17.95,48.77
2022-03-04,Friday,10.24,21.62,14.91,46.77
2022-03-05,Saturday,9.75,25.2,16.92,51.87
2022-03-06,Sunday,9.51,29.79,23,62.3
2022-03-07,Monday,9.24,22.69,20.07,52
2022-03-08,Tuesday,7.79,21.45,17.38,46.62
2022-03-09,Wednesday,13.3,18.96,10.96,43.22
2022-03-10,Thursday,10.7,28.84,15.75,55.29
2022-03-11,Friday,7.45,31.69,17.23,56.37
2022-03-12,Saturday,9.11,24.31,9.93,43.35
2022-03-13,Sunday,7.26,20.7,19.73,47.69
2022-03-14,Monday,6.45,13.58,12.31,32.34
2022-03-15,Tuesday,4.9,12.5,9.71,27.11
2022-03-16,Wednesday,4.15,17.63,8.17,29.95
2022-03-17,Thursday,8.36,21.97,11.87,42.2
2022-03-18,Friday,7.63,8.93,7.58,24.14
2022-03-19,Saturday,3.63,12.23,7.22,23.08
2022-03-20,Sunday,3.21,9.36,8.1,20.67
2022-03-21,Monday,7.57,13.95,15.19,36.71
2022-03-22,Tuesday,10.83,16.77,17.25,44.85
2022-03-23,Wednesday,10.13,22.27,16.71,49.11
2022-03-24,Thursday,7.76,19.83,17.44,45.03
2022-03-25,Friday,7.76,26.62,18.42,52.8
2022-03-26,Saturday,9.26,32.64,6.22,48.12
2022-03-27,Sunday,7.27,26.32,28.72,62.31
2022-03-28,Monday,7.99,18.31,16.92,43.22
2022-03-29,Tuesday,5.89,18.68,17.02,41.59
2022-03-30,Wednesday,5.37,14.91,15.7,35.98
2022-03-31,Thursday,9.11,29.87,13.14,52.12
2022-04-01,Friday,1.68,21.24,12.2,35.12
2022-04-02,Saturday,4.57,21.97,33.28,59.82
2022-04-03,Sunday,5.33,19.87,16.55,41.75
2022-04-04,Monday,15.64,15.96,18.55,50.15
2022-04-05,Tuesday,13.76,16.74,36.26,66.76
2022-04-06,Wednesday,4.94,17.35,23.15,45.44
2022-04-07,Thursday,5.84,18.04,30.45,54.33
2022-04-08,Friday,5.41,14.42,18.78,38.61
2022-04-09,Saturday,6.34,16.09,24.62,47.05
2022-04-10,Sunday,5.56,20.73,27.06,53.35
2022-04-11,Monday,6.02,15.57,24.74,46.33
2022-04-12,Tuesday,4.32,9.99,20.81,35.12
2022-04-13,Wednesday,9.34,14.75,22.24,46.33
2022-04-14,Thursday,7.33,17.95,22.88,48.16
2022-04-15,Friday,4.18,15,15.75,34.93
2022-04-16,Saturday,3.87,13.66,23.84,41.37
2022-04-17,Sunday,3.44,24.71,15.64,43.79
2022-04-18,Monday,6.03,15.82,21,42.85
2022-04-19,Tuesday,7.84,17.27,18.88,43.99
2022-04-20,Wednesday,7.92,16.7,23.39,48.01
2022-04-21,Thursday,6.94,18.17,18.61,43.72
2022-04-22,Friday,1.98,19.2,17.59,38.77
2022-04-23,Saturday,2.87,15.6,25.38,43.85
2022-04-24,Sunday,5.17,18.11,25.45,48.73
2022-04-25,Monday,5.17,18.01,19.86,43.04
2022-04-26,Tuesday,4.21,13.98,16.46,34.65
2022-04-27,Wednesday,4.73,14.29,22.16,41.18
2022-04-28,Thursday,1.98,15.54,17.8,35.32
2022-04-29,Friday,5.17,16.47,19.94,41.58
2022-04-30,Saturday,3.95,14.49,20.16,38.6
2022-05-01,Sunday,2.9,16.38,23.53,42.81
2022-05-02,Monday,5.83,19.96,20.08,45.87
2022-05-03,Tuesday,7.12,24.34,12.56,44.02
2022-05-04,Wednesday,4.6,23.4,18.87,46.87
2022-05-05,Thursday,2.72,12.5,12.95,28.17
2022-05-06,Friday,8.27,19.99,21.91,50.17
2022-05-07,Saturday,4.65,27.25,17.94,49.84
2022-05-08,Sunday,6.72,22.09,24.46,53.27
2022-05-09,Monday,6.94,22.2,18.25,47.39
2022-05-10,Tuesday,2.59,24.5,20.99,48.08
2022-05-11,Wednesday,3.03,25.98,19.38,48.39
2022-05-12,Thursday,7.52,25.82,19.09,52.43
2022-05-13,Friday,5.65,26.14,22.28,54.07
2022-05-14,Saturday,7.17,32.54,23.07,62.78
2022-05-15,Sunday,7.48,22.74,22.1,52.32
2022-05-16,Monday,5.58,15.89,18.66,40.13
2022-05-17,Tuesday,6.79,18.28,18.66,43.73
2022-05-18,Wednesday,6.97,19.5,14.17,40.64
2022-05-19,Thursday,6.72,16.69,13.08,36.49
2022-05-20,Friday,4.23,19.62,14.66,38.51
2022-05-21,Saturday,3.89,20.74,10.51,35.14
2022-05-22,Sunday,1,15.36,12.14,28.5
2022-05-23,Monday,4.08,19.56,21.83,45.47
2022-05-24,Tuesday,5.38,23.39,17.07,45.84
2022-05-25,Wednesday,5.28,26.58,28.5,60.36
2022-05-26,Thursday,7.21,26.34,33.42,66.97
2022-05-27,Friday,4.21,22.34,23.16,49.71
2022-05-28,Saturday,5.6,29.84,19.13,54.57
2022-05-29,Sunday,6.54,25.4,16.8,48.74
2022-05-30,Monday,4.6,30.11,20.99,55.7
2022-05-31,Tuesday,1.83,16.92,15.37,34.12
2022-06-01,Wednesday,3.3,23.11,14.03,40.44
2022-06-02,Thursday,1.99,8.56,10.4,20.95
2022-06-03,Friday,3.83,10.21,11.8,25.84
2022-06-04,Saturday,3.18,12.58,7.51,23.27
2022-06-05,Sunday,3.18,6.34,9.51,19.03
2022-06-06,Monday,2.18,4.34,7.91,14.43
2022-06-07,Tuesday,2.8,9.34,5.1,17.24
2022-06-08,Wednesday,2.28,3.44,6.31,12.03
2022-06-09,Thursday,1.28,3.54,5.51,10.33
2022-06-10,Friday,5.18,6.34,7.41,18.93
2022-06-11,Saturday,2.18,3.24,4.5,9.92
2022-06-12,Sunday,1.14,3.24,3.59,7.97
2022-06-13,Monday,2.28,2.54,4.11,8.93
2022-06-14,Tuesday,5.28,3.54,4.31,13.13
2022-06-15,Wednesday,2.28,3.24,5.41,10.93
2022-06-16,Thursday,2.28,4.18,5.61,12.07
2022-06-17,Friday,1.28,3.14,3.31,7.73
2022-06-18,Saturday,2.28,4.14,2.51,8.93
2022-06-19,Sunday,4.28,2.24,6.11,12.63
2022-06-20,Monday,1.18,4.14,5.11,10.43
2022-06-21,Tuesday,2.88,3.14,8.44,14.46
2022-06-22,Wednesday,1.28,2.66,3.91,7.85
2022-06-23,Thursday,4.11,4.14,5.24,13.49
2022-06-24,Friday,1.28,4.34,5.51,11.13
2022-06-25,Saturday,3.18,4.24,6.41,13.83
2022-06-26,Sunday,3.18,4.54,8.51,16.23
2022-06-27,Monday,4.18,5.34,7.51,17.03
2022-06-28,Tuesday,2.18,5.34,6.51,14.03
2022-06-29,Wednesday,,,,
2022-06-30,Thursday,,,,
2022-07-01,Friday,,,,
2022-07-02,Saturday,,,,
2022-07-03,Sunday,,,,
2022-07-04,Monday,,,,
2022-07-05,Tuesday,,,,
2022-07-06,Wednesday,,,,
2022-07-07,Thursday,,,,
2022-07-08,Friday,,,,
2022-07-09,Saturday,,,,
2022-07-10,Sunday,,,,
2022-07-11,Monday,,,,
2022-07-12,Tuesday,,,,
2022-07-13,Wednesday,,,,
2022-07-14,Thursday,,,,
2022-07-15,Friday,,,,
2022-07-16,Saturday,,,,
2022-07-17,Sunday,,,,
2022-07-18,Monday,,,,
2022-07-19,Tuesday,,,,
2022-07-20,Wednesday,,,,
2022-07-21,Thursday,,,,
2022-07-22,Friday,,,,
2022-07-23,Saturday,,,,
2022-07-24,Sunday,,,,
2022-07-25,Monday,,,,
2022-07-26,Tuesday,,,,
2022-07-27,Wednesday,,,,
2022-07-28,Thursday,,,,
2022-07-29,Friday,,,,
2022-07-30,Saturday,,,,
2022-07-31,Sunday,,,,
2022-08-01,Monday,,,,
2022-08-02,Tuesday,,,,
2022-08-03,Wednesday,,,,
2022-08-04,Thursday,,,,
2022-08-05,Friday,,,,
2022-08-06,Saturday,,,,
2022-08-07,Sunday,,,,
2022-08-08,Monday,,,,
2022-08-09,Tuesday,,,,
2022-08-10,Wednesday,,,,
2022-08-11,Thursday,,,,
2022-08-12,Friday,,,,
2022-08-13,Saturday,,,,
2022-08-14,Sunday,,,,
2022-08-15,Monday,,,,
2022-08-16,Tuesday,,,,
2022-08-17,Wednesday,,,,
2022-08-18,Thursday,,,,
2022-08-19,Friday,,,,
2022-08-20,Saturday,,,,
2022-08-21,Sunday,,,,
2022-08-22,Monday,,,,
2022-08-23,Tuesday,,,,
2022-08-24,Wednesday,,,,
2022-08-25,Thursday,,,,
2022-08-26,Friday,,,,
2022-08-27,Saturday,,,,
2022-08-28,Sunday,,,,
2022-08-29,Monday,,,,
2022-08-30,Tuesday,,,,
2022-08-31,Wednesday,,,,
2022-09-01,Thursday,15.5,27.8,38.6,81.9
2022-09-02,Friday,12.1,47.45,39.35,98.9
2022-09-03,Saturday,17,57.15,43.32,117.47
2022-09-04,Sunday,13.5,62.5,39.4,115.4
2022-09-05,Monday,11.36,39.7,38.9,89.96
2022-09-06,Tuesday,9.46,39,61,109.46
2022-09-07,Wednesday,16.75,33.3,43,93.05
2022-09-08,Thursday,14.5,40,37,91.5
2022-09-09,Friday,13.98,30.03,35.8,79.81
2022-09-10,Saturday,14.1,14.7,40.6,69.4
2022-09-11,Sunday,12.45,39.4,40.4,92.25
2022-09-12,Monday,9.58,42.7,37,89.28
2022-09-13,Tuesday,10.75,40.7,40.6,92.05
2022-09-14,Wednesday,20,43.1,43.64,106.74
2022-09-15,Thursday,8.74,37.76,40.11,86.61
2022-09-16,Friday,9.19,44.01,40.42,93.62
2022-09-17,Saturday,10.45,43.2,32.35,86
2022-09-18,Sunday,14.75,35.38,28.68,78.81
2022-09-19,Monday,10.9,39.05,56.93,106.88
2022-09-20,Tuesday,12.26,39.5,42.7,94.46
2022-09-21,Wednesday,16.2,41.33,44.71,102.24
2022-09-22,Thursday,14.48,43.2,41.1,98.78
2022-09-23,Friday,27.05,39.9,40.5,107.45
2022-09-24,Saturday,15.3,42.98,46.38,104.66
2022-09-25,Sunday,23.9,44.05,46.95,114.9
2022-09-26,Monday,14.8,53.01,59.6,127.41
2022-09-27,Tuesday,16.3,41.1,41.8,99.2
2022-09-28,Wednesday,14.4,39,33.8,87.2
2022-09-29,Thursday,10.3,35.75,42.05,88.1
2022-09-30,Friday,14.5,44.85,28.35,87.7
2022-10-01,Saturday,11.8,31,44.3,87.1
2022-10-02,Sunday,19.31,37.9,46.68,103.89
2022-10-03,Monday,12.5,42.5,41,96
2022-10-04,Tuesday,16.7,12,40.55,69.25
2022-10-05,Wednesday,14.5,38.75,31,84.25
2022-10-06,Thursday,13.6,33.6,30.5,77.7
2022-10-07,Friday,12.8,41.4,44.5,98.7
2022-10-08,Saturday,9.5,32.1,42.7,84.3
2022-10-09,Sunday,10.27,21.7,41.6,73.57
2022-10-10,Monday,16.2,29.6,44.2,90
2022-10-11,Tuesday,15.25,25.3,28.7,69.25
2022-10-12,Wednesday,20.3,30.55,43.6,94.45
2022-10-13,Thursday,16.55,25.3,44.7,86.55
2022-10-14,Friday,10.55,39.8,40.5,90.85
2022-10-15,Saturday,7.9,40.25,31.9,80.05
2022-10-16,Sunday,7.55,26.3,23,56.85
2022-10-17,Monday,10.4,33.65,34.4,78.45
2022-10-18,Tuesday,11.5,27.4,46.68,85.58
2022-10-19,Wednesday,9.92,25.84,20.63,56.39
2022-10-20,Thursday,11.45,16.08,19.55,47.08
2022-10-21,Friday,5.7,31.6,31.5,68.8
2022-10-22,Saturday,4.55,24.3,23,51.85
2022-10-23,Sunday,7.1,26.6,39.5,73.2
2022-10-24,Monday,13.9,36.63,40.95,91.48
2022-10-25,Tuesday,14.1,34,52.85,100.95
2022-10-26,Wednesday,14.3,50.95,48.1,113.35
2022-10-27,Thursday,13.2,47.85,60.17,121.22
2022-10-28,Friday,12.65,40.5,34,87.15
2022-10-29,Saturday,8.1,69.39,49.9,127.39
2022-10-30,Sunday,11.34,46.05,65.85,123.24
2022-10-31,Monday,11.29,41.85,48.15,101.29
2022-11-01,Tuesday,15.5,27.8,38.6,81.9
2022-11-02,Wednesday,12.1,47.45,39.35,98.9
2022-11-03,Thursday,17,57.15,43.32,117.47
2022-11-04,Friday,13.5,62.5,39.4,115.4
2022-11-05,Saturday,11.36,39.7,38.9,89.96
2022-11-06,Sunday,9.46,39,61,109.46
2022-11-07,Monday,16.75,33.3,43,93.05
2022-11-08,Tuesday,14.5,40,37,91.5
2022-11-09,Wednesday,13.98,30.03,35.8,79.81
2022-11-10,Thursday,14.1,14.7,40.6,69.4
2022-11-11,Friday,12.45,39.4,40.4,92.25
2022-11-12,Saturday,9.58,42.7,37,89.28
2022-11-13,Sunday,10.75,40.7,40.6,92.05
2022-11-14,Monday,20,43.1,43.64,106.74
2022-11-15,Tuesday,8.74,37.76,40.11,86.61
2022-11-16,Wednesday,9.19,44.01,40.42,93.62
2022-11-17,Thursday,10.45,43.2,32.35,86
2022-11-18,Friday,14.75,35.38,28.68,78.81
2022-11-19,Saturday,10.9,39.05,56.93,106.88
2022-11-20,Sunday,12.26,39.5,42.7,94.46
2022-11-21,Monday,16.2,41.33,44.71,102.24
2022-11-22,Tuesday,14.48,43.2,41.1,98.78
2022-11-23,Wednesday,27.05,39.9,40.5,107.45
2022-11-24,Thursday,15.3,42.98,46.38,104.66
2022-11-25,Friday,23.9,44.05,46.95,114.9
2022-11-26,Saturday,14.8,53.01,59.6,127.41
2022-11-27,Sunday,16.3,41.1,41.8,99.2
2022-11-28,Monday,14.4,39,33.8,87.2
2022-11-29,Tuesday,10.3,35.75,42.05,88.1
2022-11-30,Wednesday,14.5,44.85,28.35,87.7
2022-12-01,Thursday,12.5,46.25,32.95,91.7
2022-12-02,Friday,6.9,34.3,49,90.2
2022-12-03,Saturday,9.29,40.6,42.05,91.94
2022-12-04,Sunday,11.86,37.2,41.96,91.02
2022-12-05,Monday,13.5,52.15,48.65,114.3
2022-12-06,Tuesday,15.9,46.9,40.2,103
2022-12-07,Wednesday,14.38,39.15,38.95,92.48
2022-12-08,Thursday,12.3,37.75,46.85,96.9
2022-12-09,Friday,29.1,37.3,51.35,117.75
2022-12-10,Saturday,14.8,43.6,47.91,106.31
2022-12-11,Sunday,13.96,40.9,37.85,92.71
2022-12-12,Monday,14.75,36.9,41.3,92.95
2022-12-13,Tuesday,10.5,46,39,95.5
2022-12-14,Wednesday,14.8,56.5,41.65,112.95
2022-12-15,Thursday,9.6,45.45,48.3,103.35
2022-12-16,Friday,12.38,39.9,41.99,94.27
2022-12-17,Saturday,13.46,46.6,54.6,114.66
2022-12-18,Sunday,14.8,50.95,39.2,104.95
2022-12-19,Monday,14.8,36.1,33.05,83.95
2022-12-20,Tuesday,10.5,38.6,31.55,80.65
2022-12-21,Wednesday,5.5,26,11.78,43.28
2022-12-22,Thursday,9.2,7.7,5.58,22.48
2022-12-23,Friday,7.29,3.28,4.14,14.71
2022-12-24,Saturday,8.4,6.1,8.1,22.6
2022-12-25,Sunday,7.82,5.1,5.2,18.12
2022-12-26,Monday,1.8,5,3.05,9.85
2022-12-27,Tuesday,2.26,5.31,2.55,10.12
2022-12-28,Wednesday,1.5,4.52,2.45,8.47
2022-12-29,Thursday,6.4,3.25,3.25,12.9
2022-12-30,Friday,7.09,5.12,3.32,15.53
2022-12-31,Saturday,2.65,5.29,5.08,13.02
2023-01-01,Sunday,3.68,3.5,5.3,12.48
2023-01-02,Monday,14.5,7.55,3.85,25.9
2023-01-03,Tuesday,5.05,10.65,20,35.7
2023-01-04,Wednesday,13.25,24.5,22.6,60.35
2023-01-05,Thursday,12.65,43,33.18,88.83
2023-01-06,Friday,13.07,39.55,38.31,90.93
2023-01-07,Saturday,13,24.94,35.59,73.53
2023-01-08,Sunday,4.5,28.25,34.2,66.95
2023-01-09,Monday,5.55,30.4,24.25,60.2
2023-01-10,Tuesday,9.5,33.9,26.76,70.16
2023-01-11,Wednesday,3.95,32.1,20.65,56.7
2023-01-12,Thursday,7.4,24.89,25.4,57.69
2023-01-13,Friday,4.2,26.52,31.1,61.82
2023-01-14,Saturday,7.45,36,25.48,68.93
2023-01-15,Sunday,4.95,16.75,31.75,53.45
2023-01-16,Monday,9.05,17,40.2,66.25
2023-01-17,Tuesday,8.55,28.5,36.6,73.65
2023-01-18,Wednesday,10.3,40,39.65,89.95
2023-01-19,Thursday,7.2,39,41.8,88
2023-01-20,Friday,8.55,40.25,22,70.8
2023-01-21,Saturday,8.15,36.8,36.5,81.45
2023-01-22,Sunday,6.52,39.7,34.35,80.57
2023-01-23,Monday,15.3,53.4,39.75,108.45
2023-01-24,Tuesday,11.75,50.58,40.2,102.53
2023-01-25,Wednesday,23.85,28.83,50,102.68
2023-01-26,Thursday,26.05,44,46,116.05
2023-01-27,Friday,14.4,48.95,45.5,108.85
2023-01-28,Saturday,18.85,40.1,55.48,114.43
2023-01-29,Sunday,11.5,34,41.15,86.65
2023-01-30,Monday,7,50.3,51.4,108.7
2023-01-31,Tuesday,25,39.4,37.4,101.8
2023-02-01,Wednesday,25.2,43.05,37.2,105.45
2023-02-02,Thursday,17.95,37.95,35.3,91.2
2023-02-03,Friday,14.45,50.02,34.7,99.17
2023-02-04,Saturday,10.05,40.9,41.7,92.65
2023-02-05,Sunday,23.65,51.3,49.95,124.9
2023-02-06,Monday,20.45,43.15,51.6,115.2
2023-02-07,Tuesday,15.6,35.35,31.7,82.65
2023-02-08,Wednesday,12.4,25.7,40.4,78.5
2023-02-09,Thursday,16,47.75,35.65,99.4
2023-02-10,Friday,14.16,26.68,45.9,86.74
2023-02-11,Saturday,10.2,40,53.05,103.25
2023-02-12,Sunday,24.45,34.3,48.7,107.45
2023-02-13,Monday,16.25,42.05,45.65,103.95
2023-02-14,Tuesday,25.5,40.7,44.5,110.7
2023-02-15,Wednesday,13.15,48.75,45.8,107.7
2023-02-16,Thursday,14.7,48.65,47.85,111.2
2023-02-17,Friday,16.7,51.5,45.45,113.65
2023-02-18,Saturday,17.8,41.45,53.35,112.6
2023-02-19,Sunday,22.9,42.15,49.65,114.7
2023-02-20,Monday,20.65,47,46.05,113.7
2023-02-21,Tuesday,21.15,46.53,46.45,114.13
2023-02-22,Wednesday,15.35,44.7,43.3,103.35
2023-02-23,Thursday,17.95,38.95,47.85,104.75
2023-02-24,Friday,19.2,40.35,35.9,95.45
2023-02-25,Saturday,7.6,24.15,46.35,78.1
2023-02-26,Sunday,14,37.66,52.3,103.96
2023-02-27,Monday,16.45,39.6,40.35,96.4
2023-02-28,Tuesday,21.42,47.95,39.3,108.67
2023-03-01,Wednesday,12.95,48.1,52.2,113.25
2023-03-02,Thursday,13.8,48.15,44.6,106.55
2023-03-03,Friday,17.4,42.8,41.05,101.25
2023-03-04,Saturday,12.95,71.45,45.65,130.05
2023-03-05,Sunday,9.2,49.3,75.3,133.8
2023-03-06,Monday,18.25,30.65,56.35,105.25
2023-03-07,Tuesday,12.8,42.75,40,95.55
2023-03-08,Wednesday,17.4,39.5,59.3,116.2
2023-03-09,Thursday,15.6,38.75,46.25,100.6
2023-03-10,Friday,13.75,39.75,40.2,93.7
2023-03-11,Saturday,10.2,38.85,32.55,81.6
2023-03-12,Sunday,9.25,34.47,45.45,89.17
2023-03-13,Monday,12.5,37.87,35.6,85.97
2023-03-14,Tuesday,13.48,29.75,26.6,69.83
2023-03-15,Wednesday,8.7,29.65,32.95,71.3
2023-03-16,Thursday,3.55,24.7,23.65,51.9
2023-03-17,Friday,2.85,25.1,27.2,55.15
2023-03-18,Saturday,11.3,28.6,18.1,58
2023-03-19,Sunday,4.75,20.25,24,49
2023-03-20,Monday,7.65,20.25,30.85,58.75
2023-03-21,Tuesday,8.15,26.15,24.5,58.8
2023-03-22,Wednesday,10.75,45.1,36.65,92.5
2023-03-23,Thursday,32.6,38.9,40.68,112.18
2023-03-24,Friday,24.1,29.66,38.9,92.66
2023-03-25,Saturday,25.04,37.95,43.1,106.09
2023-03-26,Sunday,27.2,34.58,61.8,123.58
2023-03-27,Monday,10.5,32.3,49.98,92.78
2023-03-28,Tuesday,16,25.76,33,74.76
2023-03-29,Wednesday,16.17,25,32.46,73.63
2023-03-30,Thursday,16.34,24.23,31.92,72.49
2023-03-31,Friday,16.51,23.47,31.39,71.37
2023-04-01,Saturday,20.84,50.1,38.82,109.76
2023-04-02,Sunday,18.3,39.76,46.45,104.51
2023-04-03,Monday,18.15,35.75,46.75,100.65
2023-04-04,Tuesday,20.67,37.9,52.65,111.22
2023-04-05,Wednesday,17.09,33.35,41.9,92.34
2023-04-06,Thursday,35,40.32,38,113.32
2023-04-07,Friday,22.79,49.5,39.25,111.54
2023-04-08,Saturday,25.65,28.8,44.5,98.95
2023-04-09,Sunday,20.45,9,46.65,76.1
2023-04-10,Monday,11.25,37.95,39.6,88.8
2023-04-11,Tuesday,30,45.65,53.55,129.2
2023-04-12,Wednesday,27.75,40.3,49.15,117.2
2023-04-13,Thursday,30.1,47,35.75,112.85
2023-04-14,Friday,29.95,41.8,42.65,114.4
2023-04-15,Saturday,25.05,47.85,48.13,121.03
2023-04-16,Sunday,23.4,41.5,39.65,104.55
2023-04-17,Monday,27.95,37.57,37.3,102.82
2023-04-18,Tuesday,31.6,15.86,40.95,88.41
2023-04-19,Wednesday,25.6,29.4,37.6,92.6
2023-04-20,Thursday,20,31.8,34.03,85.83
2023-04-21,Friday,12.89,30,33.8,76.69
2023-04-22,Saturday,8.7,47.15,29.4,85.25
2023-04-23,Sunday,11.4,50.26,33.95,95.61
2023-04-24,Monday,9.3,37.6,36.6,83.5
2023-04-25,Tuesday,17.95,41.6,47.5,107.05
2023-04-26,Wednesday,20.2,45.6,54,119.8
2023-04-27,Thursday,2.1,29.85,36.2,68.15
2023-04-28,Friday,17.9,33.27,33.5,84.67
2023-04-29,Saturday,18.1,35.68,35.05,88.83
2023-04-30,Sunday,21.1,41.6,41.35,104.05
2023-05-01,Monday,14.5,25,52.55,92.05
2023-05-02,Tuesday,18.35,28.9,21.5,68.75
2023-05-03,Wednesday,15.6,43.6,35.35,94.55
2023-05-04,Thursday,15.6,43.62,44.7,103.92
2023-05-05,Friday,15.55,45.3,36.4,97.25
2023-05-06,Saturday,17.15,43.1,39.2,99.45
2023-05-07,Sunday,9.9,25,16.15,51.05
2023-05-08,Monday,12.4,39,43.8,95.2
2023-05-09,Tuesday,14.75,46.75,49.65,111.15
2023-05-10,Wednesday,18.7,39,38.5,96.2
2023-05-11,Thursday,21.75,37.4,38.47,97.62
2023-05-12,Friday,22.6,36.3,50.85,109.75
2023-05-13,Saturday,8.35,10.4,39.6,58.35
2023-05-14,Sunday,19.4,32,38.7,90.1
2023-05-15,Monday,18.7,44.5,45,108.2
2023-05-16,Tuesday,15.15,30.4,39.15,84.7
2023-05-17,Wednesday,17.4,46.4,46.55,110.35
2023-05-18,Thursday,15.5,42,37.7,95.2
2023-05-19,Friday,14.95,28.9,24.25,68.1
2023-05-20,Saturday,6.55,21.61,15.21,43.37
2023-05-21,Sunday,10.2,38.25,31.95,80.4
2023-05-22,Monday,5.25,16.26,21.38,42.89
2023-05-23,Tuesday,8.55,22.3,14.64,45.49
2023-05-24,Wednesday,9.55,19.09,16.5,45.14
2023-05-25,Thursday,7.75,23.39,26,57.14
2023-05-26,Friday,13.65,20.64,18.55,52.84
2023-05-27,Saturday,7.3,22.56,18.85,48.71
2023-05-28,Sunday,11.04,19.9,13,43.94
2023-05-29,Monday,10.25,20.4,13.92,44.57
2023-05-30,Tuesday,12.35,17.32,14.95,44.62
2023-05-31,Wednesday,10.25,21,12.75,44
2023-06-01,Thursday,5.5,22.55,9.1,37.15
2023-06-02,Friday,6.2,17.4,12.65,36.25
2023-06-03,Saturday,7.7,14.34,12.75,34.79
2023-06-04,Sunday,9.7,12.6,10.8,33.1
2023-06-05,Monday,10.5,7.1,9.1,26.7
2023-06-06,Tuesday,10.35,15.45,10.64,36.44
2023-06-07,Wednesday,12.4,15.8,11.88,40.08
2023-06-08,Thursday,9,17.4,8.5,34.9
2023-06-09,Friday,5.25,10.04,8.35,23.64
2023-06-10,Saturday,6.5,4.5,7,18
2023-06-11,Sunday,3.5,7.45,13.72,24.67
2023-06-12,Monday,30.61,7.5,14.65,52.76
2023-06-13,Tuesday,9.1,11.6,21.95,42.65
2023-06-14,Wednesday,10,15.86,21.6,47.46
2023-06-15,Thursday,13.36,17.38,10.12,40.86
2023-06-16,Friday,8.9,8.9,16.3,34.1
2023-06-17,Saturday,5.5,7.43,10.8,23.73
2023-06-18,Sunday,6.1,8.15,21.09,35.34
2023-06-19,Monday,6.1,12.82,10.5,29.42
2023-06-20,Tuesday,3.42,9.98,8.6,22
2023-06-21,Wednesday,3.3,10.55,7.75,21.6
2023-06-22,Thursday,1.5,3.75,15.7,20.95
2023-06-23,Friday,0.5,10.98,2.1,13.58
2023-06-24,Saturday,0.35,7.08,2.6,10.03
2023-06-25,Sunday,1,10.25,10.87,22.12
2023-06-26,Monday,2.5,2.1,5.02,9.62
2023-06-27,Tuesday,0.53,2,2.8,5.33
2023-06-28,Wednesday,0.24,1.8,1.7,3.74
2023-06-29,Thursday,1.15,5.3,4.82,11.27
2023-06-30,Friday,2.5,7,12.4,21.9
2023-07-01,Saturday,2.6,1.8,2.3,6.7
2023-07-02,Sunday,3.8,10,3.3,17.1
2023-07-03,Monday,3,5.1,7.25,15.35
2023-07-04,Tuesday,2.65,3.6,2.35,8.6
2023-07-05,Wednesday,1.88,3.25,2.86,7.99
2023-07-06,Thursday,2,4.35,3.1,9.45
2023-07-07,Friday,2.36,2.8,2.5,7.66
2023-07-08,Saturday,2.3,3.1,3.17,8.57
2023-07-09,Sunday,3.4,2.8,3.38,9.58
2023-07-10,Monday,5.3,7.25,4.35,16.9
2023-07-11,Tuesday,2.85,6.6,7.3,16.75
2023-07-12,Wednesday,1.66,4.25,14.6,20.51
2023-07-13,Thursday,2.2,2.35,11.2,15.75
2023-07-14,Friday,4.55,6.1,0.25,10.9
2023-07-15,Saturday,3.6,4.35,0.2,8.15
2023-07-16,Sunday,3.88,6.7,4.2,14.78
2023-07-17,Monday,2.85,4.85,10.91,18.61
2023-07-18,Tuesday,3.36,3.8,8.25,15.41
2023-07-19,Wednesday,2.36,6.7,1.3,10.36
2023-07-20,Thursday,4.31,7.35,2.75,14.41
2023-07-21,Friday,1.88,5.4,3.15,10.43
2023-07-22,Saturday,2.4,4.5,2.7,9.6
2023-07-23,Sunday,2.5,3.8,2.64,8.94
2023-07-24,Monday,3.65,3.58,1.54,8.77
2023-07-25,Tuesday,4.81,2.85,2.5,10.16
2023-07-26,Wednesday,3.84,3.1,6.06,13
2023-07-27,Thursday,4.16,3.58,1.5,9.24
2023-07-28,Friday,3.17,2.75,3.85,9.77
2023-07-29,Saturday,2.8,3.25,2.4,8.45
2023-07-30,Sunday,3.64,2.05,3.25,8.94
2023-08-01,Tuesday,,,,
2023-08-02,Wednesday,,,,
2023-08-03,Thursday,,,,
2023-08-04,Friday,,,,
2023-08-05,Saturday,,,,
2023-08-06,Sunday,,,,
2023-08-07,Monday,,,,
2023-08-08,Tuesday,,,,
2023-08-09,Wednesday,,,,
2023-08-10,Thursday,,,,
2023-08-11,Friday,,,,
2023-08-12,Saturday,,,,
2023-08-13,Sunday,,,,
2023-08-14,Monday,,,,
2023-08-15,Tuesday,,,,
2023-08-16,Wednesday,,,,
2023-08-17,Thursday,6.4,8.75,4.35,19.5
2023-08-18,Friday,3.05,7.48,13.4,23.93
2023-08-19,Saturday,3.06,5.65,25.4,34.11
2023-08-20,Sunday,19.35,19.4,37.45,76.2
2023-08-21,Monday,10.35,26,19.31,55.66
2023-08-22,Tuesday,12.15,25.03,23,60.18
2023-08-23,Wednesday,11.5,26.28,23.08,60.86
2023-08-24,Thursday,10.2,30.45,19.54,60.19
2023-08-25,Friday,8.1,25.7,20.76,54.56
2023-08-26,Saturday,9.8,18.4,31.35,59.55
2023-08-27,Sunday,11.25,27.4,14.95,53.6
2023-08-28,Monday,16.05,41,41.72,98.77
2023-08-29,Tuesday,41.88,46.76,39.6,128.24
2023-08-30,Wednesday,27.75,44.75,40.14,112.64
2023-08-31,Thursday,26.2,39.98,43.21,109.39
2023-09-01,Friday,16,39.8,39.84,95.64
2023-09-02,Saturday,13.95,47.49,43.26,104.7
2023-09-03,Sunday,12.45,55.65,53.2,121.3
2023-09-04,Monday,27.45,47.85,48.6,123.9
2023-09-05,Tuesday,19.46,43.95,49.8,113.21
2023-09-06,Wednesday,17.37,30.23,33.9,81.5
2023-09-07,Thursday,19.25,51.7,42.1,113.05
2023-09-08,Friday,26.92,39.5,41.7,108.12
2023-09-09,Saturday,11.05,45.75,49.25,106.05
2023-09-10,Sunday,13.45,57.8,59.8,131.05
2023-09-11,Monday,12.15,38.9,44.3,95.35
2023-09-12,Tuesday,22.05,45.3,33.6,100.95
2023-09-13,Wednesday,24,65.3,36.2,125.5
2023-09-14,Thursday,16.95,55.85,45.9,118.7
2023-09-15,Friday,28.78,52.38,36.55,117.71
2023-09-16,Saturday,8.7,54.5,64.55,127.75
2023-09-17,Sunday,8.8,38.25,70.55,117.6
2023-09-18,Monday,23.05,40.2,33.55,96.8
2023-09-19,Tuesday,22.1,48.9,35.02,106.02
2023-09-20,Wednesday,14.45,45.2,42.1,101.75
2023-09-21,Thursday,9.13,28.65,48.8,86.58
2023-09-22,Friday,20.55,33.05,39.3,92.9
2023-09-23,Saturday,7.8,41.95,32.9,82.65
2023-09-24,Sunday,13.05,44.5,47.3,104.85
2023-09-25,Monday,21.9,34.4,35.75,92.05
2023-09-26,Tuesday,16.05,41.95,41.05,99.05
2023-09-27,Wednesday,10,48.08,39,97.08
2023-09-28,Thursday,16.45,45.7,42.8,104.95
2023-09-29,Friday,14.85,51.6,34,100.45
2023-09-30,Saturday,10.3,25.85,30.8,66.95
2023-10-01,Sunday,11.15,30,53.5,94.65
2023-10-02,Monday,16.66,59.45,42.12,118.23
2023-10-03,Tuesday,18.65,31.14,52.8,102.59
2023-10-04,Wednesday,13.89,52.41,63.15,129.45
2023-10-05,Thursday,14.5,53.6,45.89,113.99
2023-10-06,Friday,18.9,24.15,54.15,97.2
2023-10-07,Saturday,16.3,36.25,54.4,106.95
2023-10-08,Sunday,10.35,54.45,37.34,102.14
2023-10-09,Monday,10.3,35.4,47.49,93.19
2023-10-10,Tuesday,17.65,55.25,52.01,124.91
2023-10-11,Wednesday,24.55,55.55,43.94,124.04
2023-10-12,Thursday,16.55,58.92,56.83,132.3
2023-10-13,Friday,13.35,63.6,51.3,128.25
2023-10-14,Saturday,10.5,46.4,62.25,119.15
2023-10-15,Sunday,8,33.33,51,92.33
2023-10-16,Monday,26,44,44.9,114.9
2023-10-17,Tuesday,19.7,55.71,50.5,125.91
2023-10-18,Wednesday,16.5,51.07,47.45,115.02
2023-10-19,Thursday,11,44.25,45.7,100.95
2023-10-20,Friday,12.75,52,37.4,102.15
2023-10-21,Saturday,9.86,31.85,45.4,87.11
2023-10-22,Sunday,3.4,27.8,30.35,61.55
2023-10-23,Monday,6.6,33.65,19.95,60.2
2023-10-24,Tuesday,10.75,58.28,44.6,113.63
2023-10-25,Wednesday,8.65,49,40.6,98.25
2023-10-26,Thursday,8.9,17.8,53.62,80.32
2023-10-27,Friday,13.1,22.5,65.15,100.75
2023-10-28,Saturday,25.5,60.3,59.65,145.45
2023-10-29,Sunday,14.1,62,59.33,135.43
2023-10-30,Monday,16.05,62.39,47.19,125.63
2023-10-31,Tuesday,10.18,40.39,48.36,98.93
2023-11-01,Wednesday,14.1,50.55,47.25,111.9
2023-11-02,Thursday,13.8,43.3,49.24,106.34
2023-11-03,Friday,11.25,54.6,46.4,112.25
2023-11-04,Saturday,20.5,19.85,22.85,63.2
2023-11-05,Sunday,15.1,64.65,49.2,128.95
2023-11-06,Monday,18.49,58.57,51.45,128.51
2023-11-07,Tuesday,21.1,52.2,53.87,127.17
2023-11-08,Wednesday,16.48,49.9,47.15,113.53
2023-11-09,Thursday,11.55,56.85,49.15,117.55
2023-11-10,Friday,17.9,57.73,39.2,114.83
2023-11-11,Saturday,13,55.45,47,115.45
2023-11-12,Sunday,15.5,51.9,75.75,143.15
2023-11-13,Monday,17.85,50.48,56.4,124.73
2023-11-14,Tuesday,25.65,56.3,59.05,141
2023-11-15,Wednesday,18.05,40.6,48.1,106.75
2023-11-16,Thursday,17.2,49.85,47.8,114.85
2023-11-17,Friday,16.1,54.65,68.5,139.25
2023-11-18,Saturday,21.6,60.7,56.8,139.1
2023-11-19,Sunday,7.2,53.2,59.05,119.45
2023-11-20,Monday,20.75,58.75,60.1,139.6
2023-11-21,Tuesday,16.15,66.5,55.35,138
2023-11-22,Wednesday,17.8,61.1,62.4,141.3
2023-11-23,Thursday,24.45,64.2,51.8,140.45
2023-11-24,Friday,11.3,49.18,37.6,98.08
2023-11-25,Saturday,9.88,56.25,46.8,112.93
2023-11-26,Sunday,9.4,50.55,53.55,113.5
2023-11-27,Monday,12.5,64.8,53.75,131.05
2023-11-28,Tuesday,21.8,13.25,43.06,78.11
2023-11-29,Wednesday,9.5,32.18,40.85,82.53
2023-11-30,Thursday,39.1,18.2,31.25,88.55
2023-12-01,Friday,7.86,60.35,33.58,101.79
2023-12-02,Saturday,16.35,48.95,37.7,103
2023-12-03,Sunday,7.76,42.2,55.14,105.1
2023-12-04,Monday,7.55,46.1,43,96.65
2023-12-05,Tuesday,10.2,55.53,43.95,109.68
2023-12-06,Wednesday,18.02,56.26,49.21,123.49
2023-12-07,Thursday,8.11,48.84,41.84,98.79
2023-12-08,Friday,11.27,46.27,39.58,97.12
2023-12-09,Saturday,13.69,63.89,58.16,135.74
2023-12-10,Sunday,14.42,69.04,60.28,143.74
2023-12-11,Monday,10.05,55.77,51.55,117.37
2023-12-12,Tuesday,13.29,59.34,55.01,127.64
2023-12-13,Wednesday,14.59,53.92,49.9,118.41
2023-12-14,Thursday,8.85,52.11,56.64,117.6
2023-12-15,Friday,9.3,58.36,41.86,109.52
2023-12-16,Saturday,11.25,35.8,55.84,102.89
2023-12-17,Sunday,18.73,54.87,51.99,125.59
2023-12-18,Monday,15.31,45.62,50.07,111
2023-12-19,Tuesday,19.09,49.33,52.17,120.59
2023-12-20,Wednesday,13.92,41.87,33.37,89.16
2023-12-21,Thursday,11.72,46.74,43.91,102.37
2023-12-22,Friday,13.45,19.15,16.51,49.11
2023-12-23,Saturday,6.32,6.23,0,12.55
2023-12-24,Sunday,0,2.7,0,2.7
2023-12-25,Monday,0,4.38,0,4.38
2023-12-26,Tuesday,0,10.89,0,10.89
2023-12-27,Wednesday,0,6.6,0,6.6
2023-12-28,Thursday,0,5.7,0,5.7
2023-12-29,Friday,1.03,4.8,0,5.83
2023-12-30,Saturday,0,0,5.38,5.38
2023-12-31,Sunday,0,1.18,1.1,2.28
2024-01-01,Monday,0,6.48,10.1,16.58
2024-01-02,Tuesday,0,7.63,4.68,12.31
2024-01-03,Wednesday,1.22,21.2,23,45.42
2024-01-04,Thursday,11.3,43.04,24.8,79.14
2024-01-05,Friday,9.39,47.55,37.03,93.97
2024-01-06,Saturday,8.35,35.45,26.15,69.95
2024-01-07,Sunday,6.85,24.25,40.08,71.18
2024-01-08,Monday,9.23,47.35,26.75,83.33
2024-01-09,Tuesday,7.45,33.35,25.1,65.9
2024-01-10,Wednesday,7.6,38.65,26.65,72.9
2024-01-11,Thursday,10.7,34.7,24.85,70.25
2024-01-12,Friday,4.8,23.72,17.2,45.72
2024-01-13,Saturday,8.2,30.05,22.15,60.4
2024-01-14,Sunday,3.65,21.77,22.7,48.12
2024-01-15,Monday,4.1,72.95,26.25,103.3
2024-01-16,Tuesday,5.7,35.1,24.6,65.4
2024-01-17,Wednesday,4.85,38.02,28.9,71.77
2024-01-18,Thursday,8.15,37.25,30.15,75.55
2024-01-19,Friday,19.93,40.45,26.95,87.33
2024-01-20,Saturday,10.6,35.6,30.85,77.05
2024-01-21,Sunday,12.85,12.18,66.66,91.69
2024-01-22,Monday,23.85,49.61,42.8,116.26
2024-01-23,Tuesday,26.5,58.1,49.55,134.15
2024-01-24,Wednesday,27.45,45.75,38.45,111.65
2024-01-25,Thursday,18.85,53.01,35.85,107.71
2024-01-26,Friday,17.75,57.85,46.05,121.65
2024-01-27,Saturday,15.23,43.6,39.05,97.88
2024-01-28,Sunday,8.85,51.65,64.85,125.35
2024-01-29,Monday,20.55,46.8,39.45,106.8
2024-01-30,Tuesday,15.8,51.85,56.25,123.9
2024-01-31,Wednesday,17.1,55.05,50.4,122.55
2024-02-01,Thursday,14.85,43.05,46.85,104.75
2024-02-02,Friday,14.3,46.4,40.05,100.75
2024-02-03,Saturday,8.25,45.5,40.1,93.85
2024-02-04,Sunday,9.3,36.45,60,105.75
2024-02-05,Monday,18.1,42,46.1,106.2
2024-02-06,Tuesday,17.7,44.9,40.05,102.65
2024-02-07,Wednesday,20.65,46.9,48.05,115.6
2024-02-08,Thursday,17.5,47.85,44.95,110.3
2024-02-09,Friday,14.95,47.1,34.45,96.5
2024-02-10,Saturday,10.8,49.6,48,108.4
2024-02-11,Sunday,7.95,51.55,56.6,116.1
2024-02-12,Monday,6.25,44.6,59.75,110.6
2024-02-13,Tuesday,14.3,44.08,44.95,103.33
2024-02-14,Wednesday,16,49.7,49.75,115.45
2024-02-15,Thursday,18.6,52.4,36.35,107.35
2024-02-16,Friday,12.35,36.85,32.05,81.25
2024-02-17,Saturday,7.7,48.7,46.55,102.95
2024-02-18,Sunday,9.5,52.55,53.95,116
2024-02-19,Monday,14.95,54.13,50.15,119.23
2024-02-20,Tuesday,12.5,51.7,49.7,113.9
2024-02-21,Wednesday,16.4,43.7,41.45,101.55
2024-02-22,Thursday,14.75,51.05,49.85,115.65
2024-02-23,Friday,11.38,42.9,27.7,81.98
2024-02-24,Saturday,10.65,44.15,44.05,98.85
2024-02-25,Sunday,9.5,45.2,55.05,109.75
2024-02-26,Monday,13.15,47.75,49.8,110.7
2024-02-27,Tuesday,15.75,45.7,39.05,100.5
2024-02-28,Wednesday,16.2,37.5,42.95,96.65
2024-02-29,Thursday,10.05,52.7,41.45,104.2
2024-03-01,Friday,14.75,46.5,34.15,95.4
2024-03-02,Saturday,8.45,48.95,45.75,103.15
2024-03-03,Sunday,14.95,48,49.5,112.45
2024-03-04,Monday,14.2,45.85,53.01,113.06
2024-03-05,Tuesday,15.2,47.7,48.8,111.7
2024-03-06,Wednesday,15.25,48.45,37.4,101.1
2024-03-07,Thursday,15.95,39.6,53.65,109.2
2024-03-08,Friday,14.65,39.75,46.2,100.6
2024-03-09,Saturday,7.8,43.05,39.15,90
2024-03-10,Sunday,9.9,33.3,33.55,76.75
2024-03-11,Monday,5.25,22.9,34.5,62.65
2024-03-12,Tuesday,6.05,19.55,35,60.6
2024-03-13,Wednesday,3.7,15.55,19.4,38.65
2024-03-14,Thursday,3.15,13.1,27.75,44
2024-03-15,Friday,2.7,14.3,19.35,36.35
2024-03-16,Saturday,0,12.65,21.85,34.5
2024-03-17,Sunday,17.95,19.35,29.85,67.15
2024-03-18,Monday,13.05,19.45,29.65,62.15
2024-03-19,Tuesday,20.6,28.1,44.6,93.3
2024-03-20,Wednesday,26.8,43.9,36.85,107.55
2024-03-21,Thursday,33.55,59.8,59.15,152.5
2024-03-22,Friday,29,46.45,51.9,127.35
2024-03-23,Saturday,21.95,39.85,42.2,104
2024-03-24,Sunday,26.65,39.65,54.35,120.65
2024-03-25,Monday,29.1,45.55,36.35,111
2024-03-26,Tuesday,37.2,38.05,51.3,126.55
2024-03-27,Wednesday,29.9,41.7,42.9,114.5
2024-03-28,Thursday,31.5,40.25,42.2,113.95
2024-03-29,Friday,9.1,35.55,31.5,76.15
2024-03-30,Saturday,12.5,36.3,49.4,98.2
2024-03-31,Sunday,24.35,37.95,46.85,109.15